<?xml version='1.0' encoding='utf-8'?>
<!-- 
<!DOCTYPE hibernate-configuration PUBLIC
        "-//Hibernate/Hibernate Configuration DTD 3.0//EN"
        "http://www.hibernate.org/dtd/hibernate-configuration-3.0.dtd">
<hibernate-configuration>    
 -->
<!DOCTYPE hibernate-configuration PUBLIC "-//Hibernate/Hibernate Configuration DTD 3.0//EN" "http://hibernate.sourceforge.net/hibernate-configuration-3.0.dtd">
    <hibernate-configuration>    
    
  <session-factory>
    <!-- Database connection settings -->
    <property name="connection.driver_class">org.postgresql.Driver</property>
    <property name="connection.url">jdbc:postgresql://ec2-54-243-211-197.compute-1.amazonaws.com:5432/daqgfuse35tu60?ssl=true&amp;sslfactory=org.postgresql.ssl.NonValidatingFactory</property>
  <property name="hibernate.connection.verifyServerCertificate">true</property>
    <property name="hibernate.connection.useSSL">true</property>
    <property name="hibernate.connection.autoReconnect">true</property>
    <property name="hibernate.hbm2ddl.auto">update</property>
    
    <property name="connection.username">detgygtbhnchqu</property>
    <property name="connection.password">8914f35626da6a1a7c1a7ba82525b2cfda2655acb3f3ac14528d8d0ec0bf8e7d</property>
    <property name="dialect">org.hibernate.dialect.PostgreSQLDialect</property>
	<property name="show_sql">true</property>
   <mapping class="com.crmsavvy.dto.LeadDTO"/>
    <mapping class="com.crmsavvy.dto.UserContPersonDTO"/>
    <mapping class="com.crmsavvy.dto.UserStockDTO"/>
    <mapping class="com.crmsavvy.dto.CommentDTO"/>
         
  </session-factory>
</hibernate-configuration>